Symbol,Direction,Entry Price,Max Size,Max Size USDT,Realized PnL,Realized PnL %,Open Time,Close Time,Runup,Drawdown
FARTCOINUSDT,Long,0.405 USDT,"987,612.9","399,999.91 USDT","74,811 USDT",18.70 %,04/02/2025 22:27 UTC,04/04/2025 08:42 UTC,18.86 % 0.48 USDT,-12.35 % 0.36 USDT
BTCUSDT,Long,"84,132.915 USDT",17.828,"1,499,921.60 USDT","25,557 USDT",1.70 %,03/19/2025 18:05 UTC,03/19/2025 20:10 UTC,"2.11 % 85,908 USDT","-0.75 % 83,500 USDT"
BNBUSDT,Long,584.238 USDT,"1,049.62","613,227.80 USDT","4,340 USDT",0.71 %,03/13/2025 13:44 UTC,03/14/2025 20:10 UTC,2.01 % 595.99 USDT,-2.26 % 571.04 USDT
FARTCOINUSDT,Long,0.2 USDT,"500,000","99,979.86 USDT","14,180 USDT",14.18 %,03/10/2025 17:37 UTC,03/10/2025 20:25 UTC,15.42 % 0.23 USDT,-0.63 % 0.20 USDT
FARTCOINUSDT,Long,0.229 USDT,"1,529,002.3","349,870.07 USDT","60,653 USDT",17.34 %,03/04/2025 11:22 UTC,03/05/2025 07:43 UTC,19.18 % 0.27 USDT,-9.01 % 0.21 USDT
1000PEPEUSDT,Long,0.009 USDT,"22,163,927","199,892.72 USDT","-45,516.46 USDT",-22.77 %,02/02/2025 07:05 UTC,03/05/2025 07:33 UTC,36.62 % 0.01 USDT,-30.52 % 0.01 USDT
FARTCOINUSDT,Long,0.281 USDT,"533,127.8","149,960.54 USDT","6,473 USDT",4.32 %,02/25/2025 15:11 UTC,02/25/2025 16:37 UTC,6.19 % 0.30 USDT,-2.34 % 0.27 USDT
KAITOUSDT,Long,0.937 USDT,"319,971.7","299,898.12 USDT","99,546 USDT",33.19 %,02/20/2025 14:27 UTC,02/20/2025 18:00 UTC,34.84 % 1.26 USDT,-6.88 % 0.87 USDT
FARTCOINUSDT,Long,0.289 USDT,"344,827.5","99,682.59 USDT","5,738 USDT",5.76 %,02/18/2025 17:02 UTC,02/18/2025 21:01 UTC,6.82 % 0.31 USDT,-3.90 % 0.28 USDT
SOLUSDT,Long,212.631 USDT,"1,175","249,841.60 USDT",494.80 USDT,0.20 %,02/02/2025 07:03 UTC,02/03/2025 19:44 UTC,1.42 % 215.65 USDT,-18.48 % 173.33 USDT
CRVUSDT,Long,0.553 USDT,"180,505.4","99,858.49 USDT",261.99 USDT,0.26 %,02/02/2025 19:25 UTC,02/03/2025 19:37 UTC,5.75 % 0.58 USDT,-27.70 % 0.40 USDT
FARTCOINUSDT,Long,0.667 USDT,"673,863.5","449,706.40 USDT","125,889 USDT",27.99 %,01/31/2025 19:48 UTC,02/03/2025 19:34 UTC,31.37 % 0.88 USDT,-26.88 % 0.49 USDT
FARTCOINUSDT,Short,1.175 USDT,"127,433.7","-149,691.22 USDT","-2,107.76 USDT",-1.41 %,01/30/2025 20:40 UTC,01/30/2025 21:17 UTC,0.73 % 1.17 USDT,-1.78 % 1.20 USDT
FARTCOINUSDT,Long,0.818 USDT,"122,249.3","99,999.93 USDT","4,962 USDT",4.96 %,01/28/2025 20:53 UTC,01/29/2025 02:02 UTC,6.82 % 0.87 USDT,-5.72 % 0.77 USDT
BTCUSDT,Long,"99,202.92 USDT",20.156,"1,999,534.06 USDT","45,727 USDT",2.29 %,01/27/2025 06:08 UTC,01/27/2025 22:01 UTC,"3.25 % 102,423 USDT","-1.50 % 97,712 USDT"
FARTCOINUSDT,Long,0.992 USDT,"201,645.2","199,980.27 USDT","13,826 USDT",6.91 %,01/26/2025 23:47 UTC,01/27/2025 21:37 UTC,10.92 % 1.10 USDT,-13.24 % 0.86 USDT
1000PEPEUSDT,Long,0.013 USDT,"7,936,507","99,998.67 USDT","3,857 USDT",3.86 %,01/27/2025 06:47 UTC,01/27/2025 21:34 UTC,6.02 % 0.01 USDT,-3.96 % 0.01 USDT
VINEUSDT,Long,0.3 USDT,"333,333","99,978.28 USDT","-12,844.51 USDT",-12.85 %,01/27/2025 06:45 UTC,01/27/2025 21:22 UTC,1.69 % 0.30 USDT,-22.28 % 0.23 USDT
TRUMPUSDT,Long,25.666 USDT,"7,782.56","199,749.80 USDT","6,251 USDT",3.13 %,01/27/2025 06:48 UTC,01/27/2025 11:50 UTC,3.59 % 26.59 USDT,-4.48 % 24.52 USDT
BTCUSDT,Long,"98,015.059 USDT",72.591,"7,043,054.93 USDT","315,901 USDT",4.49 %,12/18/2024 20:26 UTC,01/26/2025 07:25 UTC,"12.23 % 110,000 USDT","-9.29 % 88,909 USDT"
FARTCOINUSDT,Long,1.444 USDT,"209,620.8","302,605.89 USDT","4,694 USDT",1.55 %,01/23/2025 12:05 UTC,01/24/2025 15:16 UTC,8.34 % 1.56 USDT,-15.23 % 1.22 USDT
TRUMPUSDT,Long,38.499 USDT,"7,792.2","299,993.93 USDT","16,847 USDT",5.62 %,01/20/2025 18:07 UTC,01/21/2025 19:46 UTC,15.79 % 44.58 USDT,-21.06 % 30.39 USDT
TRUMPUSDT,Short,72 USDT,"1,388.88","99,999.36 USDT","17,998 USDT",18.00 %,01/19/2025 09:14 UTC,01/19/2025 09:31 UTC,16.13 % 62.00 USDT,-4.32 % 75.25 USDT
TRUMPUSDT,Long,23.865 USDT,"8,366","199,657.86 USDT","7,010 USDT",3.51 %,01/18/2025 20:09 UTC,01/18/2025 20:42 UTC,5.29 % 25.13 USDT,-6.14 % 22.40 USDT
TRUMPUSDT,Long,30 USDT,"3,333.33","99,999.90 USDT","3,852 USDT",3.85 %,01/18/2025 18:00 UTC,01/18/2025 18:03 UTC,3.92 % 31.18 USDT,
ZEREBROUSDT,Long,0.292 USDT,"855,006","249,856.09 USDT","10,041 USDT",4.02 %,01/17/2025 09:12 UTC,01/17/2025 12:24 UTC,9.09 % 0.32 USDT,-1.00 % 0.29 USDT
FARTCOINUSDT,Long,1.131 USDT,"1,237,720.7","1,400,553.66 USDT","44,750 USDT",3.20 %,01/15/2025 13:35 UTC,01/15/2025 18:37 UTC,6.75 % 1.21 USDT,-1.52 % 1.11 USDT
FARTCOINUSDT,Short,1.23 USDT,"486,528.4","-598,429.93 USDT","1,343 USDT",0.22 %,01/02/2025 06:59 UTC,01/02/2025 07:08 UTC,0.14 % 1.23 USDT,-0.38 % 1.23 USDT
FARTCOINUSDT,Long,0.892 USDT,"445,279.4","397,288.46 USDT","95,843 USDT",24.12 %,12/27/2024 17:13 UTC,01/02/2025 06:59 UTC,38.15 % 1.23 USDT,-12.36 % 0.78 USDT
FARTCOINUSDT,Long,0.893 USDT,"223,966.6","199,999.92 USDT","5,658 USDT",2.83 %,12/26/2024 20:42 UTC,12/26/2024 21:32 UTC,3.01 % 0.92 USDT,-0.83 % 0.89 USDT
FARTCOINUSDT,Long,0.837 USDT,"357,751.3","299,474.92 USDT","8,580 USDT",2.87 %,12/21/2024 08:03 UTC,12/21/2024 12:20 UTC,11.81 % 0.94 USDT,-3.24 % 0.81 USDT
BTCUSDT,Long,"94,035.497 USDT",10.643,"1,000,819.80 USDT","15,916 USDT",1.59 %,12/03/2024 13:53 UTC,12/03/2024 15:02 UTC,"1.66 % 95,598 USDT","-0.46 % 93,605 USDT"
CRVUSDT,Long,0.405 USDT,"370,370.3","149,999.97 USDT","-1,941.30 USDT",-1.29 %,11/21/2024 19:01 UTC,11/21/2024 19:39 UTC,0.74 % 0.41 USDT,-1.73 % 0.40 USDT
UNIUSDT,Long,9.372 USDT,"34,500","323,322.57 USDT","-8,322.12 USDT",-2.57 %,11/21/2024 19:00 UTC,11/21/2024 19:39 UTC,2.43 % 9.60 USDT,-2.85 % 9.10 USDT
CAKEUSDT,Long,1.956 USDT,"1,697","3,318.82 USDT",2.76 USDT,0.08 %,11/21/2024 19:02 UTC,11/21/2024 19:03 UTC,0.21 % 1.96 USDT,
IOUSDT,Long,2.422 USDT,"103,135.6","249,830.94 USDT","1,754 USDT",0.70 %,11/18/2024 16:11 UTC,11/18/2024 16:47 UTC,3.12 % 2.50 USDT,-0.59 % 2.41 USDT
BTCUSDT,Long,"72,893.3 USDT",6.858,"499,902.25 USDT","3,180 USDT",0.64 %,11/06/2024 08:23 UTC,11/06/2024 08:56 UTC,"0.83 % 73,499 USDT","-0.20 % 72,746 USDT"
BTCUSDT,Long,"68,919.9 USDT",14.532,"1,001,543.99 USDT","5,847 USDT",0.58 %,11/05/2024 19:59 UTC,11/05/2024 21:11 UTC,"1.03 % 69,626 USDT","-0.19 % 68,786 USDT"
1000BONKUSDT,Long,0.021 USDT,"11,751,433","250,023.49 USDT","-1,054.60 USDT",-0.42 %,10/26/2024 11:04 UTC,10/27/2024 21:21 UTC,1.20 % 0.02 USDT,-3.12 % 0.02 USDT
SOLUSDT,Long,168.831 USDT,"5,921","999,647.10 USDT","47,190 USDT",4.72 %,10/26/2024 05:44 UTC,10/27/2024 21:19 UTC,5.28 % 177.75 USDT,-1.03 % 167.10 USDT
WIFUSDT,Long,2.32 USDT,"107,800.4","250,075.37 USDT","14,711 USDT",5.88 %,10/26/2024 05:42 UTC,10/27/2024 21:18 UTC,6.26 % 2.47 USDT,-0.62 % 2.31 USDT
1000PEPEUSDT,Long,0.009 USDT,"27,764,204","249,574.12 USDT","1,727 USDT",0.69 %,10/26/2024 05:32 UTC,10/27/2024 21:17 UTC,2.57 % 0.01 USDT,-2.60 % 0.01 USDT
POPCATUSDT,Long,1.489 USDT,"168,327","250,588.40 USDT","6,227 USDT",2.49 %,10/26/2024 10:28 UTC,10/27/2024 21:17 UTC,3.78 % 1.54 USDT,-5.31 % 1.41 USDT
GOATUSDT,Long,0.651 USDT,"386,520","251,623.08 USDT","7,409 USDT",2.94 %,10/25/2024 18:05 UTC,10/25/2024 19:29 UTC,6.76 % 0.70 USDT,-2.15 % 0.64 USDT
BTCUSDT,Long,"62,171.236 USDT",32.172,"2,000,173.02 USDT","100,373 USDT",5.02 %,10/01/2024 14:00 UTC,10/15/2024 15:05 UTC,"9.30 % 67,953 USDT","-5.26 % 58,900 USDT"
SOLUSDT,Long,139 USDT,"1,798","249,922.00 USDT","32,420 USDT",12.97 %,10/02/2024 19:21 UTC,10/15/2024 00:16 UTC,14.39 % 159.00 USDT,-4.32 % 133.00 USDT
1000PEPEUSDT,Long,0.01 USDT,"51,537,455","499,959.09 USDT","59,538 USDT",11.91 %,10/09/2024 20:41 UTC,10/15/2024 00:14 UTC,14.40 % 0.01 USDT,-9.29 % 0.01 USDT
AVAXUSDT,Long,27.04 USDT,"18,490","499,966.15 USDT","40,571 USDT",8.11 %,10/02/2024 19:18 UTC,10/14/2024 23:28 UTC,9.96 % 29.73 USDT,-11.74 % 23.87 USDT
DOGEUSDT,Long,0.104 USDT,"2,408,941","249,903.54 USDT","27,953 USDT",11.19 %,10/10/2024 18:04 UTC,10/14/2024 19:47 UTC,12.49 % 0.12 USDT,-0.65 % 0.10 USDT
BNBUSDT,Long,537.78 USDT,467.28,"251,293.84 USDT","19,698 USDT",7.84 %,10/02/2024 19:23 UTC,10/14/2024 09:46 UTC,9.12 % 586.80 USDT,-0.81 % 533.40 USDT
CRVUSDT,Long,0.25 USDT,"980,000","244,807.82 USDT","7,493 USDT",3.06 %,10/02/2024 19:10 UTC,10/04/2024 15:06 UTC,5.28 % 0.26 USDT,-1.52 % 0.25 USDT
BTCUSDT,Long,"61,157.621 USDT",32.815,"2,006,887.34 USDT","24,255 USDT",1.21 %,09/18/2024 18:00 UTC,09/19/2024 04:30 UTC,"2.28 % 62,555 USDT","-2.82 % 59,430 USDT"
BTCUSDT,Long,"56,651.276 USDT",26.475,"1,499,842.54 USDT","-42,759.58 USDT",-2.85 %,09/06/2024 12:48 UTC,09/06/2024 14:25 UTC,"0.62 % 57,000 USDT","-3.11 % 54,890 USDT"
BTCUSDT,Long,"56,999.251 USDT",21.927,"1,249,822.57 USDT",450.24 USDT,0.04 %,09/05/2024 13:44 UTC,09/05/2024 14:30 UTC,"0.53 % 57,300 USDT","-0.72 % 56,587 USDT"
BTCUSDT,Long,"59,669.31 USDT",84.912,"5,066,640.41 USDT","-265,929.33 USDT",-5.25 %,08/30/2024 14:59 UTC,09/04/2024 10:30 UTC,"0.20 % 59,790 USDT","-6.90 % 55,555 USDT"
